username,user id,access hash,group,group id
m_zaink,437846692,7594374227814282570,COSMOS (SIT GLUG),1194053096
Z4PPY,432460010,3312509898600147171,COSMOS (SIT GLUG),1194053096
blackzphoenix,662124147,-404433465834256293,COSMOS (SIT GLUG),1194053096
kbdti,362431629,-1081834450695537793,COSMOS (SIT GLUG),1194053096
homo_wid_zeal,714367020,8609228365440715035,COSMOS (SIT GLUG),1194053096
zee_force,733973286,-8307167783023137942,COSMOS (SIT GLUG),1194053096
zugate,417734370,4027666076862397619,COSMOS (SIT GLUG),1194053096
yuvrajmakkena,509833032,4597178507463892423,COSMOS (SIT GLUG),1194053096
,755884327,6060426736390901912,COSMOS (SIT GLUG),1194053096
RACHANA_1SI18CS136,517636545,7278326945525252625,COSMOS (SIT GLUG),1194053096
Thejaswini_1SI18CS126,747062868,-6417999975235068661,COSMOS (SIT GLUG),1194053096
YASHWANTH_k007,605894810,2924933327107321929,COSMOS (SIT GLUG),1194053096
,463415907,4633682266477992126,COSMOS (SIT GLUG),1194053096
Sore_wiggle,615356253,-6856216394315848792,COSMOS (SIT GLUG),1194053096
wanderer247,741719826,3607204442941644051,COSMOS (SIT GLUG),1194053096
Wickedsoul,747521746,5122196729836888619,COSMOS (SIT GLUG),1194053096
Vs_vs_Here,416076260,-8505075261800912242,COSMOS (SIT GLUG),1194053096
,1987287671,8700951430066151731,COSMOS (SIT GLUG),1194053096
,914087635,2857069885192524547,COSMOS (SIT GLUG),1194053096
,689689195,-2557632331279357310,COSMOS (SIT GLUG),1194053096
,890311783,-7231682528849843905,COSMOS (SIT GLUG),1194053096
,467094067,1665543538525898118,COSMOS (SIT GLUG),1194053096
,698054982,-8376588773546966203,COSMOS (SIT GLUG),1194053096
Vishruth,326926002,1541140628396171237,COSMOS (SIT GLUG),1194053096
,908630908,4573396877397608546,COSMOS (SIT GLUG),1194053096
,967504605,4770269053847999625,COSMOS (SIT GLUG),1194053096
,962604050,-1773179081719625323,COSMOS (SIT GLUG),1194053096
,711822217,7454028826285659691,COSMOS (SIT GLUG),1194053096
prarthana_v,930689863,-1825226327450940831,COSMOS (SIT GLUG),1194053096
vishnu_0828,714378659,2872523583196853813,COSMOS (SIT GLUG),1194053096
,713987932,-5390780416136164808,COSMOS (SIT GLUG),1194053096
Vijetha_N_Thunga,678537398,8571482123646059712,COSMOS (SIT GLUG),1194053096
,328716700,-4010886143857856954,COSMOS (SIT GLUG),1194053096
,417116946,-3782503054843616867,COSMOS (SIT GLUG),1194053096
,718474277,-1364298138755233343,COSMOS (SIT GLUG),1194053096
umang_bitw,691303925,-7417277853031680902,COSMOS (SIT GLUG),1194053096
,1133968637,-7341952352566749034,COSMOS (SIT GLUG),1194053096
User_not_found_exception,573732900,-4496425694817514631,COSMOS (SIT GLUG),1194053096
Uchiha_Itachi_131,377508090,-647923578132837130,COSMOS (SIT GLUG),1194053096
,1002318276,-7533541228531787548,COSMOS (SIT GLUG),1194053096
harshitha_k_u,765448036,5324797108668885138,COSMOS (SIT GLUG),1194053096
ullura_rashmi,619442217,-4378453733559272429,COSMOS (SIT GLUG),1194053096
Harshitha_uk,379892734,5596227033902269655,COSMOS (SIT GLUG),1194053096
,652280088,6208815362794694689,COSMOS (SIT GLUG),1194053096
Krsrama,977591061,-7003695427242500563,COSMOS (SIT GLUG),1194053096
,764286827,-3995259585636695417,COSMOS (SIT GLUG),1194053096
TheModernMonk,773347165,4067375814637799926,COSMOS (SIT GLUG),1194053096
,776434911,1544964092003299878,COSMOS (SIT GLUG),1194053096
tanu_shree7,832684761,1400877047755498718,COSMOS (SIT GLUG),1194053096
the_4lph4,503064699,925116524083046319,COSMOS (SIT GLUG),1194053096
thunder_tron,555956342,-6908392823103672338,COSMOS (SIT GLUG),1194053096
,974890086,-7670726714687274285,COSMOS (SIT GLUG),1194053096
,797664148,-1353487728361755220,COSMOS (SIT GLUG),1194053096
itanmaym,621270366,-4722870770808350433,COSMOS (SIT GLUG),1194053096
,786686010,-5776116024047339826,COSMOS (SIT GLUG),1194053096
Keerthi_t_s,608387119,5874059278274854113,COSMOS (SIT GLUG),1194053096
,696283201,4889747316527698463,COSMOS (SIT GLUG),1194053096
,866133046,4930092396972238240,COSMOS (SIT GLUG),1194053096
,805621474,-6476131615789318871,COSMOS (SIT GLUG),1194053096
Thedopegirl,742023724,5007440152529939121,COSMOS (SIT GLUG),1194053096
